timestamp,2026-09-18,2026-09-25,2026-10-02,2026-10-09,2026-10-16,2026-10-23,2026-10-30,2026-12-18,2027-01-15,2027-03-19,2028-01-21,2026-11-20,2029-01-19,2026-11-06,2026-11-13
2026-09-17T23:16:57,0.8027363476562499,0.8789074609374999,0.823243955078125,0.9023447265625,0.901368173828125,0.938477177734375,0.98632826171875,0.97851583984375,1.015629921875,1.0407762805175786,1.0178271765136715,,,,
2026-09-18T22:55:36,0.5039112109375,0.9062509375,0.9345709667968748,0.9443364941406248,0.9809572216796876,0.91601646484375,0.9604496142578124,1.0427293957519534,0.9738772143554688,1.0773971911621096,1.0087940185546875,,,,
2026-09-21T23:44:41,,1.0664109179687502,0.973633076171875,1.0234423828125,1.017583037109375,1.056645341796875,1.0439500927734378,1.0844772338867186,1.0893600219726562,1.1284223266601563,0.6080361462402344,1.1005904345703126,1.0739792395019534,,
2026-09-22T23:23:25,,0.70898728515625,0.9248054394531252,0.936524072265625,0.922852333984375,0.9458013232421876,0.991211025390625,1.0466356262207035,1.041264559326172,1.0383348864746096,1.0371141894531253,1.0459032080078128,0.9793703234863282,,
2026-09-23T23:21:38,,0.75586181640625,0.9267585449218748,0.89257919921875,0.903321279296875,0.9101571484375,0.9448247705078124,1.0466356262207035,1.056645341796875,1.0439500927734378,0.9855958471679688,1.0478563232421876,1.0076953912353517,,
2026-09-24T23:41:56,,0.6523472265625001,0.8437515624999999,0.84961087890625,0.9135750830078124,0.93554751953125,0.9086923193359374,1.043705953369141,1.019780291748047,1.076420633544922,0.9903565417480468,1.0092822973632811,0.989257919921875,,
2026-09-25T23:42:22,,0.2812571874999999,0.8632826171875,0.772463212890625,0.8554701953125,0.8984385156249999,0.8999033447265624,1.0105029943847654,1.0280810314941409,1.0771530517578127,0.9492192578125,0.92773509765625,0.9897461962890624,,
2026-09-29T00:45:02,,,1.11328568359375,0.9599613378906248,0.9775392871093752,0.9575199560546874,0.9960937890625,1.0688523120117188,1.0402880017089848,1.0913131372070315,0.9783937707519532,1.0405321411132815,0.9899903344726562,,
2026-09-30T00:00:25,,,0.9257819921875,0.9179695703125,0.8916026464843749,0.8886729882812499,0.9477544287109376,1.0095264367675785,1.0266161950683594,1.0327196801757816,0.9372564868164062,0.9711916943359374,0.9710696252441406,,
2026-10-01T00:16:51,,,0.8808605664062499,0.8955088574218748,0.8720715917968749,0.9116219775390624,0.9819337744140624,1.0307665649414064,1.0134326672363283,1.0751999365234377,0.9621585815429688,1.0083057397460935,0.9616703051757812,,
2026-10-02T00:21:53,,,1.1171919140625,0.8398453515625,0.877930908203125,0.84179845703125,0.9086923193359374,1.0102588549804683,1.0459032080078128,1.0017139758300782,0.9185799157714843,0.94726615234375,0.960693752441406,0.9599613378906248,
2026-10-03T00:04:16,,,,0.75195560546875,0.8544936425781251,0.8554701953125,0.9467778759765624,1.0302782861328126,0.9873048144531252,1.0793503063964844,0.9294440649414062,1.0224658251953125,0.9700930725097656,0.928711650390625,
2026-10-06T01:36:38,,,,0.8300798242187499,0.790041162109375,0.8818371191406249,0.858399853515625,0.9521489160156249,0.9770510107421876,1.0380907470703127,0.8842785009765625,0.97460962890625,0.9390875231933593,0.9589847851562499,0.9785158398437501
