timestamp,2026-09-18,2026-09-30,2026-10-30,2026-11-30,2026-12-31,2027-01-29,2027-03-31,2027-06-30,2028-01-21,2026-09-17,2026-09-21,2026-09-22,2026-09-23,2026-09-24,2026-09-25,2026-10-02,2026-10-09,2026-10-16,2026-10-23,2026-11-20,2026-12-18,2027-01-15,2027-02-26,2027-03-19,2027-06-17,2027-09-17,2027-12-17,2028-06-16,2028-12-15,2026-09-28,2026-09-29,2026-10-01,2029-01-19,2026-10-05,2026-10-06,2026-10-07,2026-10-08,2026-11-06,2026-10-12,2026-10-13,2026-10-14,2026-10-15,2026-11-13,2027-09-30
2026-09-17T07:45:56,1.936279615478516,0.7899801275634766,,,,,,,,,,,,,,,,,,,,,,,,,,,,,,,,,,,,,,,,,,
2026-09-17T09:40:16,1.936279615478516,0.7899801275634766,,,,,,,,,,,,,,,,,,,,,,,,,,,,,,,,,,,,,,,,,,
2026-09-17T09:50:13,1.936279615478516,0.7899801275634766,0.435277864074707,0.4149838775634765,0.3007577249145508,0.2568662570953369,0.3448780722808838,0.2679592858123779,0.3558185146331786,,,,,,,,,,,,,,,,,,,,,,,,,,,,,,,,,,,
2026-09-17T23:17:05,0.0590914404296875,0.0977568252563476,0.1386194537353515,0.1647574980163574,0.1585167156982422,0.1830831204223632,0.1930012341308593,0.213073970413208,0.2386245571899414,0.0085548364257812,0.0607393731689453,0.0700776586914062,0.0779511151123047,0.084695432434082,0.0919890606689453,0.107156145324707,0.1164639135742187,0.1244289218139648,0.130318755493164,0.1498803274536133,0.1596000788879394,0.1689078471374512,0.1910862752532958,0.1940159334564209,0.2117464690399169,0.2271424332427978,0.238452897529602,0.2532728482055664,0.2668148880767823,,,,,,,,,,,,,,,
2026-09-18T22:55:43,0.0651948950195312,0.1189358126831054,0.1533898138427734,0.1698386239624023,0.1751028535461425,0.1835866554260253,0.1980060668945312,0.2186662606811523,0.2497175859069824,,0.079538013305664,0.0933928552246093,0.1014494152832031,0.1102994244384765,0.1167385690307617,0.129067547302246,0.1360560028076172,0.1424341128540039,0.1472253247070312,0.1685416398620606,0.1778036322021484,0.1812215667724609,0.1942753302764892,0.1991733525848388,0.221763763885498,0.2392501612854004,0.2425841733551025,0.2632062205505371,0.2757831516647338,,,,,,,,,,,,,,,
2026-09-21T23:44:50,,0.1056607989501953,0.1488122229003906,0.1614463739013671,0.1645057305145263,0.1796041513061523,0.1914143359375,0.214302290649414,0.2461356209945678,,1.0000000000000004e-05,0.0699555895996093,0.0851531915283203,0.0942473388671875,0.1031583825683593,0.115945119934082,0.1261073718261718,0.1346522082519531,0.1396875582885742,0.1578911116027831,0.1679770703125,0.1729437564849853,0.19336744140625,0.190163127746582,0.2168352243041992,0.233657871017456,0.2440032265472412,0.2594525959777832,0.2727543123245238,0.0953459606933593,0.1000151034545898,0.1095364926147461,0.2714153669738769,,,,,,,,,,,
2026-09-22T23:23:32,,0.1039823489379882,0.1469506692504882,0.1606224075317383,0.1644675839233398,0.1856389420318603,0.1960071855163574,0.2165834568023681,0.2454146504211425,,,0.0268652001953125,0.0737397314453125,0.0877776770019531,0.0993132061767578,0.1146023599243164,0.1230251272583007,0.1307765145874023,0.1379175564575195,0.1557701611328125,0.1657645680236816,0.1708762112426758,0.1939472695922852,0.1933445534515381,0.2163011720275878,0.2325516198730468,0.242996156539917,0.2598264325714111,0.2730747436904907,0.0925994061279296,0.0987028607177734,0.1090176989746093,0.2728077175521849,,,,,,,,,,,
2026-09-23T23:21:45,,0.105904937133789,0.1459130819702148,0.1594017166137695,0.1632316343688964,0.1808553594970703,0.1897282566070557,0.2181856136322021,0.2467497811126709,,,,0.00977552734375,0.0794769787597656,0.1002287243652343,0.1182033981323242,0.1242153009033203,0.1319056536865234,0.1369104864501953,0.1558617129516601,0.1643149975585937,0.170357417602539,0.1871037711334228,0.1904072659301758,0.2160722924804687,0.2271576918792724,0.2443083992767334,0.2612950763320923,0.2746654565429687,0.0909819906616211,0.0976652734375,0.1108792526245117,0.2733112525558471,0.1128323580932617,0.1118252880859374,,,,,,,,,
2026-09-24T23:42:03,,0.1028532098388671,0.144890753326416,0.159188095703125,0.1684653466796875,0.1810613510894775,0.1947788652801513,0.2149660413360595,0.2473868291854858,,,,,1.0000000000000004e-05,0.0838104315185547,0.1179592599487304,0.1232692654418945,0.1311884977722168,0.1360560028076172,0.1610191320800781,0.1692740544128418,0.1748053101348877,0.1865773481750488,0.1973728334808349,0.2177125959014892,0.2356033471679687,0.2449340033721924,0.2620046029281616,0.2754436470031737,0.0828949133300781,0.0932707861328125,0.1092313198852538,0.2751804355239868,0.1120694262695312,0.1188137435913085,,,,,,,,,
2026-09-25T23:42:29,,0.0946135461425781,0.143563251953125,0.1577385252380371,0.1646964634704589,0.1753775090026855,0.193542915725708,0.216705525894165,0.245925814743042,,,,,,0.0114844946289062,0.1117947708129882,0.1180508117675781,0.1267177172851562,0.1328516891479492,0.1577385252380371,0.1665885343933106,0.1715628498840332,0.1845632081604004,0.1947330893707275,0.2161256977081298,0.2329941203308105,0.2434920622253418,0.2604291487121582,0.273322696533203,0.0670869659423828,0.0825287060546875,0.1014494152832031,0.2756801558685302,0.1058439025878906,0.111764253540039,,,,,,,,,
2026-09-29T00:45:11,,0.131844619140625,0.1501397242736816,0.1613700807189941,0.166748750076294,0.1777044510650634,0.1920780866241455,0.2163850945281982,0.2468794795227051,,,,,,,0.143563251953125,0.1339197937011718,0.1384363500976562,0.141610146484375,0.1615074084472656,0.1692130198669433,0.1740805249023437,0.1864171324920654,0.1934132173156738,0.2132952206420898,0.2350998121643066,0.2456015687179565,0.261516326560974,0.2749820732498169,,0.1200039172363281,0.1343470355224609,0.2736164252853393,0.1231777136230468,0.1251918536376953,0.1272059936523437,0.1289759954833984,0.1557243852233886,,,,,,
2026-09-30T00:00:32,,0.1560142993164062,0.1570061106872559,0.1662528443908691,0.1688315539550781,0.180397600402832,0.1926197682189941,0.2164842756652831,0.2450675164413452,,,,,,,0.1620567193603515,0.1450585983276367,0.1483239465332031,0.1497887756347656,0.1668479312133789,0.1729208685302734,0.174286516494751,0.1887593331909179,0.1938404591369629,0.2128298322296142,0.2339859317016601,0.245551978149414,0.2612187831497192,0.2747493790435791,,,0.1528405029296875,0.2755886040496825,0.1340418627929687,0.136178071899414,0.1384668673706054,0.1401453173828125,0.1630637893676758,,,,,,
2026-10-01T00:16:59,,,0.1599205102539062,0.1694571580505371,0.17383638671875,0.1847920877075194,0.195747788696289,0.2173463886260986,0.2449416326904297,,,,,,,0.1776205285644531,0.1496667065429687,0.1514977429199219,0.1520165365600586,0.170204831237793,0.1767507862854004,0.1763235444641113,0.1932987775421142,0.1967090827941894,0.2164613877105712,0.2330093789672851,0.2454222797393798,0.2624165861129761,0.2758403715515136,,,0.1707846594238281,0.2733532138061523,0.1367884173583984,0.1397485928344726,0.1431360101318359,0.147896704711914,0.1677329321289062,,,,,,
2026-10-02T00:22:00,,,0.1604393038940429,0.167702414855957,0.174812939453125,0.1824041110992431,0.1929325702667236,0.2159197061157226,0.2415771033477783,,,,,,,0.1915364050292969,0.1459130819702148,0.1488122229003906,0.1522606747436523,0.1694266407775879,0.1791006163024902,0.1765219067382812,0.1904988177490234,0.1944050286865234,0.213073970413208,0.2324829560089111,0.244949262008667,0.2606694722366333,0.2731090756225586,,,,0.2728763814163207,0.127389097290039,0.1321497918701172,0.1362391064453125,0.139657041015625,0.1646812048339843,,,,,,
2026-10-03T00:04:22,,,0.1432733378601074,0.1575706802368164,0.1633231861877441,0.1746756117248535,0.1896519634246826,0.214576946105957,0.2449683353042602,,,,,,,,0.1163418444824218,0.1268092691040039,0.1321803091430664,0.1579826634216308,0.1658713784790039,0.1711356080627441,0.1848912688446044,0.1906819213867187,0.215027075881958,0.2335892071533203,0.238815290145874,0.259498371887207,0.272872566757202,,,,0.2726017259597778,0.079538013305664,0.0935149243164062,0.1023038989257812,0.107858042602539,0.1510705010986328,,,,,,
2026-10-06T01:36:45,,,0.1383447982788085,0.1541985215759277,0.1615455550384521,0.1726233251190186,0.1908573957061767,0.2132341860961914,0.2452811373519897,,,,,,,,0.1162808099365234,0.1221096090698242,0.1261989236450195,0.155007229309082,0.1639487902832031,0.1679923289489746,0.1812215667724609,0.1888051091003418,0.2133638845062256,0.2312317478179932,0.2429808979034423,0.2594182640457154,0.2735782786941528,,,,0.2721515961837768,,0.0997404479980468,0.1046232116699218,0.1085904571533203,0.1469659278869629,0.1014494152832031,0.1051725225830078,0.113992014465332,0.1171352935791015,0.1508263629150391,0.230289527015686
2026-10-07T00:15:07,,,0.1384363500976562,0.1536949865722656,0.1610954252624512,0.172508885345459,0.1870961418151855,0.2124712542724609,0.243698053817749,,,,,,,,0.1204921936035156,0.1213771945190429,0.1249782327270507,0.1546105047607422,0.1638419798278809,0.1657187921142578,0.1819234640502929,0.1864247618103027,0.213051082458496,0.2297440307617187,0.2414168876647949,0.258994836883545,0.2729183426666259,,,,0.2714764015197753,,,0.1091397680664062,0.1123135644531249,0.1469811865234375,0.0997404479980468,0.103249934387207,0.1128628753662109,0.1164639135742187,0.1502007588195801,0.2304382987213134
2026-10-08T00:36:18,,,0.1359186750793457,0.1533592965698242,0.1606681834411621,0.1723410403442383,0.1868520036315918,0.2138140142822265,0.2448462662124634,,,,,,,,0.1171352935791015,0.1184780535888671,0.1221401263427734,0.1540917111206055,0.163170599822998,0.1684195707702637,0.1807104024505615,0.1879048495483398,0.2144930236053466,0.2325401758956909,0.2425612854003906,0.2601926398468017,0.2741619215393066,,,,0.2738033435821533,,,,0.1095059753417968,0.1449975637817382,0.0930876824951171,0.0978483770751953,0.1080411462402343,0.1126187371826171,0.1494073097229004,0.2296372203063965
2026-10-09T00:51:28,,,0.1382837637329101,0.1565788688659668,0.1631858584594727,0.1746527237701416,0.1878514443206787,0.208343793106079,0.2431792601776123,,,,,,,,0.1345301391601562,0.1214992636108398,0.1241847836303711,0.1556175747680664,0.1649406016540527,0.1672370264434814,0.1839910092926025,0.1889958420562744,0.2069705158233642,0.2249871508407592,0.2393188251495361,0.2588117332458496,0.271907458000183,,,,0.270503663444519,,,,,0.1472253247070312,0.0932707861328125,0.0997404479980468,0.1112759771728515,0.1151821881103515,0.1510094665527344,0.2287827366638183
2026-10-10T00:23:48,,,0.12427633544921876,0.1457452369689941,0.15633473068237308,0.16898414031982423,0.1834722156524658,0.20861844856262202,0.24100490447998046,,,,,,,,,0.10090010437011719,0.10749183532714844,0.14670653106689452,0.15604481658935548,0.1611259425354004,0.1789175126647949,0.18466238929748532,0.20900754379272457,0.22835549484252932,0.23566438171386717,0.2578542538070679,0.2707668749237061,,,,0.26935926570892327,,,,,0.1358728991699219,0.05555143676757812,0.06910110595703126,0.08716733154296877,0.09339285522460938,0.13991643783569335,0.22827157234191894
