timestamp,2027-03-19,2027-09-17,2028-01-21,2028-03-17,2028-06-16,2026-09-18,2026-09-23,2026-09-25,2026-10-02,2026-10-09,2026-10-16,2026-10-23,2026-10-30,2026-11-20,2026-12-18,2027-01-15,2027-04-16,2027-06-17,2028-12-15,2026-09-30,2029-01-19,2026-10-07,2026-11-06,2026-10-14,2026-11-13,2027-02-19,2027-05-21,2027-07-16,2027-08-20
2026-09-17T09:50:09,0.1516808465576172,0.3801331518554687,0.27149166015625,0.1628806857299805,0.3415593188476562,,,,,,,,,,,,,,,,,,,,,,,,
2026-09-17T23:17:00,0.5227098510742187,0.4911549908447266,0.4653068606567383,0.4999744827270508,0.4732413516235352,0.3864807446289062,0.4309138940429688,0.4572808178710938,0.5012256909179689,0.5373581420898439,0.4931691308593751,0.520390538330078,0.5157519128417969,0.5070239727783203,0.5124560473632812,0.5080615600585938,0.4945118908691406,0.5054065573120117,0.4784598052978516,,,,,,,,,,
2026-09-18T22:55:39,0.4967701690673829,0.4882558499145508,0.4681144497680664,0.4940999076843262,0.473638076171875,0.0581148876953125,0.4243221630859375,0.4333552758789062,0.4572808178710938,0.4738822143554688,0.4735160070800781,0.4873708489990235,0.4935353381347657,0.4924367163085938,0.5070239727783203,0.5070239727783203,0.4979298254394532,0.4920705090332031,0.4682670361328125,,,,,,,,,,
2026-09-21T23:44:44,0.4884999880981446,0.4623772024536133,0.4570671969604493,0.4768423898315429,0.4614616842651368,,0.4890187817382813,0.5307664111328125,0.5014698291015626,0.476567734375,0.4931691308593751,0.5082446636962892,0.4847463635253906,0.4798025653076171,0.4885915399169922,0.5150805328369141,0.490666714477539,0.4900563690185547,0.4538781419372558,0.4776663562011719,0.4509027078247071,,,,,,,,
2026-09-22T23:23:28,0.5110522528076171,0.4850515362548828,0.4564873687744141,0.4693351406860352,0.4550225396728515,,0.5383346948242189,0.5544478149414063,0.5148974291992188,0.5535933312988282,0.503056727294922,0.502080174560547,0.5388840057373048,0.5120898400878906,0.4887746435546876,0.4989063781738281,0.4987232745361328,0.482976361694336,0.4334163104248046,0.5380905566406251,0.4340266558837891,,,,,,,,
2026-09-23T23:21:41,0.4949391326904296,0.4630180651855469,0.4593865097045898,0.4701591070556641,0.4503686555480957,,0.085946640625,0.4687553125,0.514653291015625,0.5216112292480468,0.5311326184082032,0.502080174560547,0.5004932763671875,0.5089160437011719,0.5040332800292968,0.5095263891601562,0.4901784381103516,0.4743094561767578,0.4484002914428711,0.51562984375,0.4523065023803712,0.5053760400390624,,,,,,,
2026-09-24T23:41:58,0.5059863854980469,0.4622856506347657,0.4739432489013672,0.469731865234375,0.4671073797607422,,,0.44336494140625,0.5144091528320311,0.5090381127929688,0.5194139855957032,0.5119677709960937,0.5126391510009765,0.5094653546142578,0.5109301837158204,0.5043384527587891,0.4954884436035156,0.4782156671142578,0.4461725305175781,0.5031787963867188,0.4502465864562988,0.5102588037109376,,,,,,,
2026-09-25T23:42:24,0.5027515545654297,0.4719596261596679,0.4733939379882813,0.4698539343261719,0.4615227188110352,,,0.1167080517578125,0.5352829675292969,0.5308884802246094,0.5384567639160158,0.5441940112304688,0.5227098510742187,0.5170946728515625,0.5187426055908204,0.5012256909179689,0.4783987707519531,0.4866384344482422,0.4519097778320313,0.50586431640625,0.4507043455505371,0.5725140405273439,,,,,,,
2026-09-29T00:45:06,0.4901784381103516,0.4679923806762696,0.4581963360595704,0.4643608251953125,0.4426020095825196,,,,0.6538120556640626,0.5844768115234374,0.5473678076171876,0.5172167419433593,0.516606396484375,0.5114184600830078,0.5037891418457032,0.5028736236572267,0.4854787780761719,0.4723563507080078,0.434926915435791,0.6782258740234376,0.4374140731811523,0.5876506079101562,0.516606396484375,,,,,,
2026-09-30T00:00:28,0.4940236145019532,0.466374965209961,0.4562432305908204,0.4737296279907227,0.4658714302062989,,,,0.6030313134765627,0.543949873046875,0.5620160986328125,0.5473678076171876,0.5305222729492188,0.5214281256103515,0.5106250109863282,0.5206346765136718,0.5072986282348633,0.4714408325195312,0.451528311920166,0.6435582519531251,0.4465234791564941,0.543949873046875,0.5179491564941407,,,,,,
2026-10-01T00:16:54,0.4811148080444336,0.4636894451904296,0.4396113168334961,0.4630180651855469,0.4430292514038085,,,,0.5600629931640625,0.5192919165039063,0.5024463818359376,0.5031787963867188,0.5112353564453125,0.5074512145996093,0.5024463818359376,0.4909108526611329,0.47461462890625,0.469731865234375,0.4346675186157227,,0.4435785623168945,0.5112353564453125,0.5065967309570312,,,,,,
2026-10-02T00:21:56,0.4831594653320313,0.4804129107666015,0.4353999331665039,0.4619804779052735,0.4602715106201172,,,,0.5556685058593751,0.506840869140625,0.4939015454101563,0.5168505346679688,0.5007374145507812,0.5081836291503907,0.5013477600097658,0.497197410888672,0.4890492990112305,0.4739432489013672,0.4350642431640625,,0.4544427114868163,0.4939015454101563,0.5067188000488281,,,,,,
2026-10-03T00:04:18,0.4755301470947265,0.446294599609375,0.4370783831787109,0.4609123733520508,0.4313106185913086,,,,,0.4812063598632812,0.4838918798828125,0.4982960327148438,0.5046436254882812,0.5056201782226561,0.4890798162841797,0.4812063598632812,0.4807791180419921,0.4701591070556641,0.4303951004028321,,0.4351863122558594,0.459966337890625,0.5136767382812499,,,,,,
2026-10-06T01:36:41,0.4798025653076171,0.443517527770996,0.4395502822875976,0.4538018487548828,0.4469354623413085,,,,,0.5163622583007812,0.4567925415039063,0.5023243127441408,0.4829153271484375,0.4764456652832031,0.4726615234375,0.4755301470947265,0.4788260125732422,0.4546563323974609,0.4434564932250976,,0.4292354440307617,0.5102588037109376,0.4915822326660156,0.45508357421875,0.5048267291259765,0.4830373962402344,0.4498651205444336,0.4523065023803712,0.4463861514282227
2026-10-07T00:15:03,0.4516656396484375,0.4400690759277343,0.4243526803588867,0.451726674194336,0.4399775241088867,,,,,0.4987843090820312,0.454107021484375,0.4804739453125,0.4854787780761719,0.485356708984375,0.4685111743164062,0.4876149871826172,0.4512383978271485,0.4417475259399414,0.4227657821655273,,0.4327754476928711,0.487309814453125,0.4896291271972657,0.4492242578124999,0.4879201599121094,0.4588066815185547,0.4567925415039063,0.4505059832763671,0.429693203125
2026-10-08T00:36:13,0.4549004705810546,0.4355830368041992,0.4254513021850586,0.4343623458862304,0.4295406167602539,,,,,0.5141650146484374,0.4763235961914062,0.4654594470214844,0.4854787780761719,0.5018360363769532,0.4691215197753906,0.4867605035400391,0.45313046875,0.4542596078491211,0.429143892211914,,0.4249019912719727,,0.4890187817382813,0.4582573706054688,0.4876760217285156,0.461919443359375,0.44727115234375,0.4528252960205078,0.4334163104248046
2026-10-09T00:51:25,0.4589287506103516,0.4383601086425781,0.4472101177978516,0.4461114959716796,0.4457758059692382,,,,,0.5219774365234374,0.4419001123046875,0.4735160070800781,0.4680228979492187,0.4827322235107422,0.4760794580078125,0.5015308636474609,0.4569756451416016,0.4518182260131836,0.4337520004272461,,0.4304561349487305,,0.5374802111816408,0.4704642797851562,0.5367477966308594,0.4639335833740234,0.4613701324462891,0.4467828759765625,0.4317378604125976
2026-10-10T00:23:43,0.4617363397216797,0.44327338958740237,0.4473321868896484,0.4483392568969726,0.44775942871093743,,,,,,0.45215391601562505,0.4710746252441406,0.4694877270507813,0.4694877270507813,0.4897511962890626,0.46655806884765627,0.4489801196289062,0.4567315069580079,0.42934225448608404,,0.42258267852783205,,0.4891408508300782,0.4409235595703125,0.4764456652832031,0.47461462890625,0.4461420132446289,0.47009807250976565,0.44995667236328124
